{"cameraMode":{"drawMode":0,"name":"Shaded","section":"Shading Mode"},"sceneLighting":false,"audioPlay":false,"sceneViewState":{"m_AlwaysRefresh":false,"showFog":true,"showSkybox":false,"showFlares":true,"showImageEffects":true,"showParticleSystems":true,"showVisualEffectGraphs":true,"m_FxEnabled":true},"in2DMode":false,"pivot":{"x":2.6886465549468996,"y":0.8929080367088318,"z":-0.45392799377441409},"rotation":{"x":-0.07618217915296555,"y":0.6628760695457459,"z":-0.06803321838378906,"w":-0.7417745590209961},"size":0.36794859170913699,"orthographic":false}