{"cameraMode":{"drawMode":0,"name":"Shaded","section":"Shading Mode"},"sceneLighting":false,"audioPlay":false,"sceneViewState":{"m_AlwaysRefresh":false,"showFog":true,"showSkybox":false,"showFlares":true,"showImageEffects":true,"showParticleSystems":true,"showVisualEffectGraphs":true,"m_FxEnabled":true},"in2DMode":false,"pivot":{"x":-2.794853448867798,"y":4.823999881744385,"z":0.4242999851703644},"rotation":{"x":0.007671020459383726,"y":-0.9793294668197632,"z":-0.03790845349431038,"w":-0.19860957562923432},"size":0.6866029500961304,"orthographic":false}