{"cameraMode":{"drawMode":0,"name":"Shaded","section":"Shading Mode"},"sceneLighting":false,"audioPlay":false,"sceneViewState":{"m_AlwaysRefresh":false,"showFog":true,"showSkybox":false,"showFlares":true,"showImageEffects":true,"showParticleSystems":true,"showVisualEffectGraphs":true,"m_FxEnabled":true},"in2DMode":false,"pivot":{"x":-2.7948532104492189,"y":4.823999404907227,"z":0.3073000907897949},"rotation":{"x":0.007671020459383726,"y":-0.9793294668197632,"z":-0.03790845349431038,"w":-0.19860957562923432},"size":12.12435531616211,"orthographic":false}