{"cameraMode":{"drawMode":0,"name":"Shaded","section":"Shading Mode"},"sceneLighting":true,"audioPlay":false,"sceneViewState":{"m_AlwaysRefresh":false,"showFog":true,"showSkybox":true,"showFlares":true,"showImageEffects":true,"showParticleSystems":true,"showVisualEffectGraphs":true,"m_FxEnabled":true},"in2DMode":false,"pivot":{"x":235.1497802734375,"y":-174.14227294921876,"z":163.20681762695313},"rotation":{"x":0.23373284935951234,"y":0.5060519576072693,"z":-0.1446228176355362,"w":0.8176814913749695},"size":193.30726623535157,"orthographic":false}