{"cameraMode":{"drawMode":0,"name":"Shaded","section":"Shading Mode"},"sceneLighting":true,"audioPlay":false,"sceneViewState":{"m_AlwaysRefresh":false,"showFog":true,"showSkybox":true,"showFlares":true,"showImageEffects":true,"showParticleSystems":true,"showVisualEffectGraphs":true,"m_FxEnabled":true},"in2DMode":false,"pivot":{"x":-18.567432403564454,"y":2.3833799362182619,"z":24.378015518188478},"rotation":{"x":0.021306918933987619,"y":0.4966466426849365,"z":0.01227560918778181,"w":-0.8676763772964478},"size":11.35385513305664,"orthographic":false}