{"cameraMode":{"drawMode":0,"name":"Shaded","section":"Shading Mode"},"sceneLighting":false,"audioPlay":false,"sceneViewState":{"m_AlwaysRefresh":false,"showFog":false,"showSkybox":false,"showFlares":false,"showImageEffects":false,"showParticleSystems":false,"showVisualEffectGraphs":true,"m_FxEnabled":true},"in2DMode":false,"pivot":{"x":0.1131262481212616,"y":0.6594798564910889,"z":-0.9495195746421814},"rotation":{"x":0.0157571192830801,"y":0.9788680076599121,"z":-0.18813516199588777,"w":0.08017769455909729},"size":1.1660254001617432,"orthographic":false}