{"cameraMode":{"drawMode":0,"name":"Shaded","section":"Shading Mode"},"sceneLighting":false,"audioPlay":false,"sceneViewState":{"m_AlwaysRefresh":false,"showFog":true,"showSkybox":false,"showFlares":true,"showImageEffects":true,"showParticleSystems":true,"showVisualEffectGraphs":true,"m_FxEnabled":true},"in2DMode":false,"pivot":{"x":-9.780363082885743,"y":2.5186710357666017,"z":17.248558044433595},"rotation":{"x":0.11327347159385681,"y":-0.43420058488845827,"z":0.05514031648635864,"w":0.8919815421104431},"size":3.144495725631714,"orthographic":false}