{"cameraMode":{"drawMode":0,"name":"Shaded","section":"Shading Mode"},"sceneLighting":false,"audioPlay":false,"sceneViewState":{"m_AlwaysRefresh":false,"showFog":true,"showSkybox":false,"showFlares":true,"showImageEffects":true,"showParticleSystems":true,"showVisualEffectGraphs":true,"m_FxEnabled":true},"in2DMode":false,"pivot":{"x":-1.334530234336853,"y":2.7724759578704836,"z":-7.280313491821289},"rotation":{"x":0.36686646938323977,"y":-0.037388138473033908,"z":0.014580387622117997,"w":0.9295227527618408},"size":10.21938705444336,"orthographic":false}