{"cameraMode":{"drawMode":0,"name":"Shaded","section":"Shading Mode"},"sceneLighting":false,"audioPlay":false,"sceneViewState":{"m_AlwaysRefresh":false,"showFog":true,"showSkybox":false,"showFlares":true,"showImageEffects":true,"showParticleSystems":true,"showVisualEffectGraphs":true,"m_FxEnabled":true},"in2DMode":false,"pivot":{"x":0.24909408390522004,"y":0.6830543279647827,"z":0.7433792948722839},"rotation":{"x":-0.20738241076469422,"y":-0.5098311305046082,"z":0.1282709240913391,"w":-0.8250569701194763},"size":0.636748194694519,"orthographic":false}